이름,나이,거주지
이경원,32,인천
홍길동,30,서울
아무개,25,강원
이경원,32,인천
홍길동,30,서울
아무개,25,강원
이경원,32,인천
홍길동,30,서울
아무개,25,강원
이경원,32,인천
홍길동,30,서울
아무개,25,강원
이경원,32,인천
홍길동,30,서울
아무개,25,강원
이경원,32,인천
홍길동,30,서울
아무개,25,강원
이경원,32,인천
홍길동,30,서울
아무개,25,강원
이경원,32,인천
홍길동,30,서울
아무개,25,강원
이경원,32,인천
홍길동,30,서울
아무개,25,강원
이경원,32,인천
홍길동,30,서울
아무개,25,강원
이경원,32,인천
홍길동,30,서울
아무개,25,강원
이경원,32,인천
홍길동,30,서울
아무개,25,강원
이경원,32,인천
홍길동,30,서울
아무개,25,강원
이경원,32,인천
홍길동,30,서울
아무개,25,강원
이경원,32,인천
홍길동,30,서울
아무개,25,강원
이경원,32,인천
홍길동,30,서울
아무개,25,강원
이경원,32,인천
홍길동,30,서울
아무개,25,강원
이경원,32,인천
홍길동,30,서울
아무개,25,강원
이경원,32,인천
홍길동,30,서울
아무개,25,강원
이경원,32,인천
홍길동,30,서울
아무개,25,강원
이경원,32,인천
홍길동,30,서울
아무개,25,강원
이경원,32,인천
홍길동,30,서울
아무개,25,강원
이경원,32,인천
홍길동,30,서울
아무개,25,강원
이경원,32,인천
홍길동,30,서울
아무개,25,강원
이경원,32,인천
홍길동,30,서울
아무개,25,강원
이경원,32,인천
홍길동,30,서울
아무개,25,강원
이경원,32,인천
홍길동,30,서울
아무개,25,강원
이경원,32,인천
홍길동,30,서울
아무개,25,강원
이경원,32,인천
홍길동,30,서울
아무개,25,강원
이경원,32,인천
홍길동,30,서울
아무개,25,강원
이경원,32,인천
홍길동,30,서울
아무개,25,강원
이경원,32,인천
홍길동,30,서울
아무개,25,강원
이경원,32,인천
홍길동,30,서울
아무개,25,강원
이경원,32,인천
,30,서울
,25,강원
,32,인천
